"week_start_wednesday","week_end_tuesday","location","missing_reporting_stream","estimated_sandwiches","method","prior_observed_weeks_used","prior_observations_from","prior_observations_through"
"2026-02-04","2026-02-10","Dunwoody/PTC","Dunwoody lead-side","590","Rounded mean of up to 8 preceding positive individual weekly counts","8","2025-10-01","2025-11-19"
"2026-02-11","2026-02-17","Dunwoody/PTC","Dunwoody lead-side","590","Rounded mean of up to 8 preceding positive individual weekly counts","8","2025-10-01","2025-11-19"
"2026-03-11","2026-03-17","Collective Learning","Location weekly log","275","Standard 275 per missing week","","",""
"2026-03-18","2026-03-24","Collective Learning","Location weekly log","275","Standard 275 per missing week","","",""
"2026-04-01","2026-04-07","Alpharetta","Location weekly log","1583","Rounded mean of up to 8 preceding positive individual weekly counts","8","2026-02-04","2026-03-25"
"2026-04-22","2026-04-28","East Cobb/Roswell","Location weekly log","827","Rounded mean of up to 8 preceding positive individual weekly counts","8","2026-02-25","2026-04-15"
"2026-05-20","2026-05-26","Collective Learning","Location weekly log","275","Standard 275 per missing week","","",""
"2026-05-20","2026-05-26","Intown/Druid Hills","Location weekly log","1094","Rounded mean of up to 8 preceding positive individual weekly counts","8","2026-03-25","2026-05-13"
"2026-05-27","2026-06-02","Collective Learning","Location weekly log","275","Standard 275 per missing week","","",""
"2026-06-03","2026-06-09","Collective Learning","Location weekly log","275","Standard 275 per missing week","","",""
"2026-06-10","2026-06-16","Collective Learning","Location weekly log","275","Standard 275 per missing week","","",""
"2026-06-17","2026-06-23","Collective Learning","Location weekly log","275","Standard 275 per missing week","","",""
"2026-06-24","2026-06-30","Collective Learning","Location weekly log","275","Standard 275 per missing week","","",""
"2026-07-01","2026-07-07","Collective Learning","Location weekly log","275","Standard 275 per missing week","","",""
"2026-07-08","2026-07-14","Collective Learning","Location weekly log","275","Standard 275 per missing week","","",""
"2026-07-15","2026-07-21","Collective Learning","Location weekly log","275","Standard 275 per missing week","","",""
"2026-07-22","2026-07-28","Collective Learning","Location weekly log","275","Standard 275 per missing week","","",""
"2026-07-22","2026-07-28","Dunwoody/PTC","Dunwoody separate group-side","788","Rounded mean of up to 8 preceding positive individual weekly counts","8","2026-05-27","2026-07-15"
"2026-07-22","2026-07-28","Sandy Springs/Chastain","Location weekly log","393","Rounded mean of up to 8 preceding positive individual weekly counts","8","2026-05-27","2026-07-15"
"2026-07-29","2026-08-04","Collective Learning","Location weekly log","275","Standard 275 per missing week","","",""
"2026-08-05","2026-08-11","Collective Learning","Location weekly log","275","Standard 275 per missing week","","",""
"2026-08-12","2026-08-18","Collective Learning","Location weekly log","275","Standard 275 per missing week","","",""
"2026-08-12","2026-08-18","Dunwoody/PTC","Dunwoody lead-side","453","Rounded mean of up to 8 preceding positive individual weekly counts","8","2026-06-17","2026-08-05"
"2026-08-19","2026-08-25","Collective Learning","Location weekly log","275","Standard 275 per missing week","","",""
"2026-08-19","2026-08-25","Dunwoody/PTC","Dunwoody separate group-side","761","Rounded mean of up to 8 preceding positive individual weekly counts","8","2026-06-10","2026-08-05"
"2026-08-26","2026-09-01","Collective Learning","Location weekly log","275","Standard 275 per missing week","","",""
"2026-08-26","2026-09-01","Dunwoody/PTC","Dunwoody separate group-side","761","Rounded mean of up to 8 preceding positive individual weekly counts","8","2026-06-10","2026-08-05"
"2026-09-02","2026-09-08","Collective Learning","Location weekly log","275","Standard 275 per missing week","","",""
"2026-09-02","2026-09-08","Dunwoody/PTC","Dunwoody separate group-side","761","Rounded mean of up to 8 preceding positive individual weekly counts","8","2026-06-10","2026-08-05"
"2026-09-09","2026-09-15","Alpharetta","Location weekly log","1439","Rounded mean of up to 8 preceding positive individual weekly counts","8","2026-07-15","2026-09-02"
"2026-09-09","2026-09-15","Collective Learning","Location weekly log","275","Standard 275 per missing week","","",""
"2026-09-16","2026-09-22","Alpharetta","Location weekly log","1439","Rounded mean of up to 8 preceding positive individual weekly counts","8","2026-07-15","2026-09-02"
"2026-09-16","2026-09-22","Collective Learning","Location weekly log","275","Standard 275 per missing week","","",""
"2026-09-16","2026-09-22","Dunwoody/PTC","Dunwoody separate group-side","767","Rounded mean of up to 8 preceding positive individual weekly counts","8","2026-06-17","2026-09-09"
"2026-09-23","2026-09-29","Alpharetta","Location weekly log","1439","Rounded mean of up to 8 preceding positive individual weekly counts","8","2026-07-15","2026-09-02"
"2026-09-23","2026-09-29","Collective Learning","Location weekly log","275","Standard 275 per missing week","","",""
"2026-09-23","2026-09-29","Dunwoody/PTC","Dunwoody separate group-side","767","Rounded mean of up to 8 preceding positive individual weekly counts","8","2026-06-17","2026-09-09"
